<?xml version="1.0"?>
<metadata>
	<idinfo><ptcontac><cntinfo><cntperp><cntper>GIS Coordinator</cntper><cntorg>San Joaquin County GIS</cntorg></cntperp><cntpos>GIS Coordinator</cntpos><cntvoice>(209) 468-2344</cntvoice><cntfax>(209) 468-3163</cntfax><cntemail>gis1@sjgov.org</cntemail><hours>8:00 am - 5:00 pm (Pacific) weekdays, excluding holidays</hours><cntaddr><addrtype>mailing and physical address</addrtype><address>1810 E Hazelton Av</address><city>Stockton</city><state>CA</state><postal>95205</postal><country>USA</country></cntaddr></cntinfo></ptcontac><status><progress>San Joaquin County constantly reviews GIS data and updates as necessary.</progress><update>As needed</update></status><useconst>Restricted to authorized users.  For illustrative purposes only.

The information in this dataset is based on the most current information available to San Joaquin County Geographic Information Systems.  The County of San Joaquin does not warrant its accuracy or suitability for any particular purpose.  The information in this dataset is not intended to replace engineering, financial or primary records research.

San Joaquin County, its agents, and employees shall not be held liable for any errors in this data.  This includes errors of omission, commission, errors concerning the content of the data, and relative and positional accuracy of the data.  This data cannot be construed to be a legal document. This data may have been compiled from public reports, documents, recorded deeds, plats and other public records and information sources.  Primary sources from which this data was compiled must be consulted for verification of the information contained in this data.</useconst><datacred>San Joaquin County GIS</datacred><keywords><place><placekt>none</placekt><placekey>San Joaquin County</placekey></place><theme><themekt>none</themekt><themekey>Delta</themekey></theme></keywords><descript><langdata>English</langdata><abstract>San Joaquin County, Primary Delta</abstract><purpose>To define the boundary of the primary/secondary delta regions.</purpose><supplinf>Derived from a dataset originally downloaded from CASIL, then reprojected and cropped to County limit.  Originally digitized by CA DWR from official paper map and legal description of delta boundaries.</supplinf></descript><accconst>Restricted to authorized users.</accconst><citation><citeinfo><origin>San Joaquin County GIS</origin><pubdate>REQUIRED: The date when the data set is published or otherwise made available for release.</pubdate><title Sync="TRUE">spatial.COUNTY.PrimaryDelta</title><ftname Sync="TRUE">spatial.COUNTY.PrimaryDelta</ftname><geoform Sync="TRUE">vector digital data</geoform><onlink Sync="TRUE">Server=sjcgisdbms; Service=5151/tcp; Database=spatial; User=county; Version=sde.DEFAULT</onlink></citeinfo></citation><timeperd><timeinfo><sngdate><caldate>1/1/2009</caldate></sngdate></timeinfo><current>publication date</current></timeperd><native Sync="TRUE">Microsoft Windows XP Version 5.1 (Build 2600) Service Pack 3; ESRI ArcCatalog 9.3.1.3000</native><spdom><bounding><westbc Sync="TRUE">-121.587147</westbc><eastbc Sync="TRUE">-121.195831</eastbc><northbc Sync="TRUE">38.261581</northbc><southbc Sync="TRUE">37.621441</southbc></bounding><lboundng><leftbc Sync="TRUE">6249510.976134</leftbc><rightbc Sync="TRUE">6360150.500074</rightbc><bottombc Sync="TRUE">2050540.963297</bottombc><topbc Sync="TRUE">2282596.903319</topbc></lboundng></spdom><natvform Sync="TRUE">SDE Feature Class</natvform></idinfo><Esri><ModDate>20120720</ModDate><ModTime>08241200</ModTime><MetaID>{636B0C33-6BD6-4D9E-B8D1-A1D339190B06}</MetaID><CreaDate>20090310</CreaDate><CreaTime>14310200</CreaTime><SyncOnce>FALSE</SyncOnce><SyncDate>20120720</SyncDate><SyncTime>08241200</SyncTime><DataProperties><itemProps><itemName Sync="TRUE">PrimarySecondaryDelta</itemName><imsContentType Sync="TRUE">002</imsContentType><itemSize Sync="TRUE">0.000</itemSize><itemLocation><linkage Sync="TRUE">file://\\gisfileserver\data\Exports\SJMapOrg\PrimarySecondaryDelta.shp</linkage><protocol Sync="TRUE">Local Area Network</protocol></itemLocation></itemProps><coordRef><type Sync="TRUE">Projected</type><geogcsn Sync="TRUE">GCS_North_American_1983</geogcsn><projcsn Sync="TRUE">NAD_1983_StatePlane_California_III_FIPS_0403_Feet</projcsn><peXml Sync="TRUE">&lt;ProjectedCoordinateSystem xsi:type='typens:ProjectedCoordinateSystem' xmlns:xsi='http://www.w3.org/2001/XMLSchema-instance' xmlns:xs='http://www.w3.org/2001/XMLSchema' xmlns:typens='http://www.esri.com/schemas/ArcGIS/10.0'&gt;&lt;WKT&gt;PROJCS[&amp;quot;NAD_1983_StatePlane_California_III_FIPS_0403_Feet&amp;quot;,GEOGCS[&amp;quot;GCS_North_American_1983&amp;quot;,DATUM[&amp;quot;D_North_American_1983&amp;quot;,SPHEROID[&amp;quot;GRS_1980&amp;quot;,6378137.0,298.257222101]],PRIMEM[&amp;quot;Greenwich&amp;quot;,0.0],UNIT[&amp;quot;Degree&amp;quot;,0.0174532925199433]],PROJECTION[&amp;quot;Lambert_Conformal_Conic&amp;quot;],PARAMETER[&amp;quot;False_Easting&amp;quot;,6561666.666666666],PARAMETER[&amp;quot;False_Northing&amp;quot;,1640416.666666667],PARAMETER[&amp;quot;Central_Meridian&amp;quot;,-120.5],PARAMETER[&amp;quot;Standard_Parallel_1&amp;quot;,37.06666666666667],PARAMETER[&amp;quot;Standard_Parallel_2&amp;quot;,38.43333333333333],PARAMETER[&amp;quot;Latitude_Of_Origin&amp;quot;,36.5],UNIT[&amp;quot;Foot_US&amp;quot;,0.3048006096012192],AUTHORITY[&amp;quot;EPSG&amp;quot;,2227]]&lt;/WKT&gt;&lt;XOrigin&gt;-115860600&lt;/XOrigin&gt;&lt;YOrigin&gt;-93269500&lt;/YOrigin&gt;&lt;XYScale&gt;36787427.345686711&lt;/XYScale&gt;&lt;ZOrigin&gt;-100000&lt;/ZOrigin&gt;&lt;ZScale&gt;10000&lt;/ZScale&gt;&lt;MOrigin&gt;-100000&lt;/MOrigin&gt;&lt;MScale&gt;10000&lt;/MScale&gt;&lt;XYTolerance&gt;0.0032808333333333335&lt;/XYTolerance&gt;&lt;ZTolerance&gt;0.001&lt;/ZTolerance&gt;&lt;MTolerance&gt;0.001&lt;/MTolerance&gt;&lt;HighPrecision&gt;true&lt;/HighPrecision&gt;&lt;WKID&gt;2227&lt;/WKID&gt;&lt;/ProjectedCoordinateSystem&gt;</peXml></coordRef><lineage><Process ToolSource="C:\Program Files (x86)\ArcGIS\Desktop10.0\ArcToolbox\Toolboxes\Conversion Tools.tbx\FeatureClassToFeatureClass" Date="20120720" Time="082413">FeatureClassToFeatureClass "Database Connections\export@sjcgisdbms.sde\spatial.COUNTY.Hydrology\spatial.COUNTY.PrimaryDelta" M:\Exports\SJMapOrg PrimarySecondaryDelta.shp # "ZONE "ZONE" true false false 16 Text 0 0 ,First,#,Database Connections\export@sjcgisdbms.sde\spatial.COUNTY.Hydrology\spatial.COUNTY.PrimaryDelta,ZONE,-1,-1;SHAPE_AREA "SHAPE_AREA" false false true 0 Double 0 0 ,First,#,Database Connections\export@sjcgisdbms.sde\spatial.COUNTY.Hydrology\spatial.COUNTY.PrimaryDelta,Shape.area,-1,-1;SHAPE_LEN "SHAPE_LEN" false false true 0 Double 0 0 ,First,#,Database Connections\export@sjcgisdbms.sde\spatial.COUNTY.Hydrology\spatial.COUNTY.PrimaryDelta,Shape.len,-1,-1" SAME_AS_TEMPLATE</Process></lineage></DataProperties></Esri><metainfo><metd>20090311</metd><metc><cntinfo><cntperp><cntper>GIS Coordinator</cntper><cntorg>San Joaquin County GIS</cntorg></cntperp><cntpos>GIS Coordinator</cntpos><cntvoice>(209) 468-2344</cntvoice><cntfax>(209) 468-3163</cntfax><cntemail>gis1@sjgov.org</cntemail><hours>8:00 am - 5:00 pm (Pacific) weekdays, excluding holidays</hours><cntaddr><addrtype>mailing and physical address</addrtype><address>1810 E Hazelton Av</address><city>Stockton</city><state>CA</state><postal>95205</postal><country>USA</country></cntaddr></cntinfo></metc><metstdn>FGDC Content Standards for Digital Geospatial Metadata</metstdn><metextns><onlink>http://www.sjmap.org</onlink></metextns><langmeta Sync="TRUE">en</langmeta><metstdv Sync="TRUE">FGDC-STD-001-1998</metstdv><mettc Sync="TRUE">local time</mettc><metextns><onlink>http://www.sjmap.org</onlink><metprof Sync="TRUE">ESRI Metadata Profile</metprof></metextns></metainfo><mdDateSt>20090311</mdDateSt><distinfo><distrib><cntinfo><cntperp><cntper>GIS Coordinator</cntper><cntorg>San Joaquin County GIS</cntorg></cntperp><cntpos>GIS Coordinator</cntpos><cntaddr><addrtype>mailing and physical address</addrtype><address>1810 E Hazelton Av</address><city>Stockton</city><state>CA</state><postal>95205</postal><country>USA</country></cntaddr><cntvoice>(209) 468-2344</cntvoice><cntfax>(209) 468-3163</cntfax><cntemail>gis1@sjgov.org</cntemail><hours>8:00 am - 5:00 pm (Pacific) weekdays, excluding holidays</hours></cntinfo></distrib><distliab>Restricted to authorized users.  For illustrative purposes only.

The information in this dataset is based on the most current information available to San Joaquin County Geographic Information Systems.  The County of San Joaquin does not warrant its accuracy or suitability for any particular purpose.  The information in this dataset is not intended to replace engineering, financial or primary records research.

San Joaquin County, its agents, and employees shall not be held liable for any errors in this data.  This includes errors of omission, commission, errors concerning the content of the data, and relative and positional accuracy of the data.  This data cannot be construed to be a legal document. This data may have been compiled from public reports, documents, recorded deeds, plats and other public records and information sources.  Primary sources from which this data was compiled must be consulted for verification of the information contained in this data.</distliab><resdesc Sync="TRUE">Downloadable Data</resdesc></distinfo><dataqual><posacc><horizpa><horizpar>San Joquin County generally produces county-wide maps at scales of approximately 1:100,000.  Mapped features at that scale are considered accurate to within 100 feet.  Datasets derived from locally obtained source data are generally accurate to within 10 feet, and are controlled against GPS-corrected versions of PLSS sections and street centerlines.  Positional accuracy may vary throughout the County depending on the availability, accessability and quality of suitable control features.  Datasets derived from externally obtained source data (such as state and/or federal agencies) tend to have lesser positional accuracy.</horizpar></horizpa></posacc><lineage><procstep><procdesc Sync="TRUE">Metadata imported.</procdesc><srcused Sync="TRUE">M:\Support\Metadata\SJCMetadataTemplate.xml</srcused><procdate Sync="TRUE">20090310</procdate><proctime Sync="TRUE">14310200</proctime></procstep></lineage></dataqual><dataIdInfo><envirDesc Sync="TRUE">Microsoft Windows Server 2008 R2 Version 6.1 (Build 7601) Service Pack 1; ESRI ArcGIS 10.0.2.3200</envirDesc><dataLang><languageCode Sync="TRUE" value="eng" country="USA"></languageCode></dataLang><idCitation><resTitle Sync="TRUE">PrimarySecondaryDelta</resTitle><presForm><PresFormCd Sync="TRUE" value="005"></PresFormCd></presForm></idCitation><spatRpType><SpatRepTypCd Sync="TRUE" value="001"></SpatRepTypCd></spatRpType><dataExt><geoEle><GeoBndBox esriExtentType="native"><westBL Sync="TRUE">6249510.976134</westBL><eastBL Sync="TRUE">6360150.500074</eastBL><northBL Sync="TRUE">2282596.903319</northBL><southBL Sync="TRUE">2050540.963297</southBL><exTypeCode Sync="TRUE">1</exTypeCode></GeoBndBox></geoEle></dataExt><geoBox esriExtentType="decdegrees"><westBL Sync="TRUE">-121.587147</westBL><eastBL Sync="TRUE">-121.195831</eastBL><northBL Sync="TRUE">38.261581</northBL><southBL Sync="TRUE">37.621441</southBL><exTypeCode Sync="TRUE">1</exTypeCode></geoBox><descKeys><thesaName uuidref="723f6998-058e-11dc-8314-0800200c9a66"></thesaName><keyword Sync="TRUE">002</keyword></descKeys></dataIdInfo><mdLang><languageCode Sync="TRUE" value="eng"></languageCode></mdLang><mdStanName Sync="TRUE">ISO 19115 Geographic Information - Metadata</mdStanName><mdStanVer Sync="TRUE">DIS_ESRI1.0</mdStanVer><mdChar><CharSetCd Sync="TRUE" value="004"></CharSetCd></mdChar><mdHrLv><ScopeCd Sync="TRUE" value="005"></ScopeCd></mdHrLv><mdHrLvName Sync="TRUE">dataset</mdHrLvName><distInfo><distributor><distorTran><onLineSrc><orDesc Sync="TRUE">002</orDesc><linkage Sync="TRUE">Server=sjcgisdbms; Service=5151/tcp; Database=spatial; User=county; Version=sde.DEFAULT</linkage><protocol Sync="TRUE">ArcSDE Connection</protocol></onLineSrc></distorTran><distorFormat><formatName Sync="TRUE">SDE Feature Class</formatName></distorFormat></distributor><distFormat><formatName Sync="TRUE">Shapefile</formatName></distFormat><distTranOps><transSize Sync="TRUE">0.000</transSize></distTranOps></distInfo><spdoinfo><direct Sync="TRUE">Vector</direct><ptvctinf><esriterm Name="PrimarySecondaryDelta"><efeatyp Sync="TRUE">Simple</efeatyp><efeageom Sync="TRUE">4</efeageom><esritopo Sync="TRUE">FALSE</esritopo><efeacnt Sync="TRUE">0</efeacnt><spindex Sync="TRUE">FALSE</spindex><linrefer Sync="TRUE">FALSE</linrefer></esriterm></ptvctinf></spdoinfo><spref><horizsys><cordsysn><geogcsn Sync="TRUE">GCS_North_American_1983</geogcsn><projcsn Sync="TRUE">NAD_1983_StatePlane_California_III_FIPS_0403_Feet</projcsn></cordsysn><planar><planci><plance Sync="TRUE">coordinate pair</plance><plandu Sync="TRUE">survey feet</plandu><coordrep><absres Sync="TRUE">0.000192</absres><ordres Sync="TRUE">0.000192</ordres></coordrep></planci></planar><geodetic><horizdn Sync="TRUE">North American Datum of 1983</horizdn><ellips Sync="TRUE">Geodetic Reference System 80</ellips><semiaxis Sync="TRUE">6378137.000000</semiaxis><denflat Sync="TRUE">298.257222</denflat></geodetic></horizsys><vertdef><altsys><altenc Sync="TRUE">Explicit elevation coordinate included with horizontal coordinates</altenc><altres Sync="TRUE">1.000000</altres></altsys></vertdef></spref><refSysInfo><RefSystem><refSysID><identCode Sync="TRUE" code="2227">NAD_1983_StatePlane_California_III_FIPS_0403_Feet</identCode><idCodeSpace Sync="TRUE">EPSG</idCodeSpace><idVersion Sync="TRUE">7.4.1</idVersion></refSysID></RefSystem></refSysInfo><spatRepInfo><VectSpatRep><topLvl><TopoLevCd Sync="TRUE" value="001"></TopoLevCd></topLvl><geometObjs Name="spatial.COUNTY.PrimaryDelta"><geoObjTyp><GeoObjTypCd Sync="TRUE" value="002"></GeoObjTypCd><geoObjCnt Sync="TRUE">0</geoObjCnt></geoObjTyp><geoObjCnt Sync="TRUE">3</geoObjCnt></geometObjs></VectSpatRep></spatRepInfo><eainfo><detailed Name="PrimarySecondaryDelta"><enttyp><enttypl Sync="TRUE">PrimarySecondaryDelta</enttypl><enttypt Sync="TRUE">Feature Class</enttypt><enttypc Sync="TRUE">0</enttypc></enttyp><attr><attrlabl Sync="TRUE">FID</attrlabl><attalias Sync="TRUE">FID</attalias><attrtype Sync="TRUE">OID</attrtype><attwidth Sync="TRUE">4</attwidth><atprecis Sync="TRUE">0</atprecis><attscale Sync="TRUE">0</attscale><attrdef Sync="TRUE">Internal feature number.</attrdef><attrdefs Sync="TRUE">ESRI</attrdefs><attrdomv><udom Sync="TRUE">Sequential unique whole numbers that are automatically generated.</udom></attrdomv></attr><attr><attrlabl Sync="TRUE">ZONE</attrlabl><attalias Sync="TRUE">ZONE</attalias><attrtype Sync="TRUE">String</attrtype><attwidth Sync="TRUE">16</attwidth><atprecis Sync="TRUE">0</atprecis><attscale Sync="TRUE">0</attscale></attr><attr><attrlabl Sync="TRUE">Shape</attrlabl><attalias Sync="TRUE">Shape</attalias><attrtype Sync="TRUE">Geometry</attrtype><attwidth Sync="TRUE">0</attwidth><atprecis Sync="TRUE">0</atprecis><attscale Sync="TRUE">0</attscale><attrdef Sync="TRUE">Feature geometry.</attrdef><attrdefs Sync="TRUE">ESRI</attrdefs><attrdomv><udom Sync="TRUE">Coordinates defining the features.</udom></attrdomv></attr><attr><attrlabl Sync="TRUE">SHAPE_AREA</attrlabl><attalias Sync="TRUE">SHAPE_AREA</attalias><attrtype Sync="TRUE">Double</attrtype><attwidth Sync="TRUE">19</attwidth><atprecis Sync="TRUE">0</atprecis><attscale Sync="TRUE">0</attscale><attrdef Sync="TRUE">Area of feature in internal units squared.</attrdef><attrdefs Sync="TRUE">ESRI</attrdefs><attrdomv><udom Sync="TRUE">Positive real numbers that are automatically generated.</udom></attrdomv></attr><attr><attrlabl Sync="TRUE">SHAPE_LEN</attrlabl><attalias Sync="TRUE">SHAPE_LEN</attalias><attrtype Sync="TRUE">Double</attrtype><attwidth Sync="TRUE">19</attwidth><atprecis Sync="TRUE">0</atprecis><attscale Sync="TRUE">0</attscale></attr></detailed></eainfo></metadata>
